$VAR1 = -206;
$VAR2 = -352;
$VAR3 = 251;
$VAR4 = 11;
0 -> 127 (127)
127 -> 134 (7)
134 -> 141 (7)
141 -> 148 (7)
148 -> 269 (121)
269 -> 281 (12)
281 -> 293 (12)
293 -> 305 (12)
305 -> 432 (127)
432 -> 463 (31)
463 -> 494 (31)
494 -> 525 (31)
525 -> 643 (118)
643 -> 664 (21)
664 -> 694 (30)
694 -> 726 (32)
726 -> 758 (32)
758 -> 790 (32)
790 -> 911 (121)
911 -> 934 (23)
934 -> 957 (23)
957 -> 980 (23)
980 -> 1003 (23)
1003 -> 1026 (23)
1026 -> 1049 (23)
1049 -> 1072 (23)
1072 -> 1095 (23)
1095 -> 1216 (121)
1216 -> 1244 (28)
1244 -> 1269 (25)
1269 -> 1284 (15)
1284 -> 1413 (129)
1413 -> 1445 (32)
1445 -> 1483 (38)
1483 -> 1521 (38)
1521 -> 1639 (118)
1639 -> 1689 (50)
1689 -> 1739 (50)
1739 -> 1793 (54)
1793 -> 1847 (54)
1847 -> 1912 (65)
1912 -> 1977 (65)
1977 -> 2033 (56)
2033 -> 2089 (56)
2089 -> 2145 (56)
2145 -> 2255 (110)
2255 -> 2307 (52)
2307 -> 2364 (57)
2364 -> 2421 (57)
2421 -> 2481 (60)
2481 -> 2547 (66)
2547 -> 2613 (66)
2613 -> 2679 (66)
2679 -> 2745 (66)
2745 -> 2814 (69)
2814 -> 2886 (72)
2886 -> 2958 (72)
2958 -> 3030 (72)
3030 -> 3102 (72)
3102 -> 3186 (84)
3186 -> 3270 (84)
3270 -> 3354 (84)
3354 -> 3438 (84)
3438 -> 3530 (92)
3530 -> 3628 (98)
3628 -> 3726 (98)
3726 -> 3828 (102)
3828 -> 3933 (105)
3933 -> 4038 (105)
4038 -> 4132 (94)
4132 -> 4243 (111)
4243 -> 4360 (117)
4360 -> 4477 (117)
4477 -> 4594 (117)
4594 -> 4713 (119)
4713 -> 4824 (111)
4824 -> 4935 (111)
4935 -> 5046 (111)
5046 -> 5157 (111)
5157 -> 5273 (116)
5273 -> 5393 (120)
5393 -> 5513 (120)
5513 -> 5633 (120)
5633 -> 5761 (128)
5761 -> 5897 (136)
5897 -> 6037 (140)
6037 -> 6177 (140)
6177 -> 6317 (140)
6317 -> 6468 (151)
6468 -> 6619 (151)
6619 -> 6770 (151)
6770 -> 6855 (85)
6855 -> 7022 (167)
7022 -> 7189 (167)
7189 -> 7356 (167)
7356 -> 7531 (175)
7531 -> 7706 (175)
7706 -> 7889 (183)
7889 -> 8072 (183)
8072 -> 8255 (183)
8255 -> 8438 (183)
8438 -> 8612 (174)
8612 -> 8671 (59)
8671 -> 8845 (174)
8845 -> 9010 (165)
9010 -> 9175 (165)
9175 -> 9340 (165)
9340 -> 9501 (161)
9501 -> 9662 (161)
9662 -> 9823 (161)
9823 -> 9981 (158)
9981 -> 10139 (158)
10139 -> 10297 (158)
10297 -> 10463 (166)
10463 -> 10508 (45)
10508 -> 10660 (152)
10660 -> 10812 (152)
10812 -> 10964 (152)
10964 -> 11116 (152)
11116 -> 11268 (152)
11268 -> 11420 (152)
11420 -> 11572 (152)
11572 -> 11719 (147)
11719 -> 11866 (147)
11866 -> 12013 (147)
12013 -> 12160 (147)
12160 -> 12310 (150)
12310 -> 12460 (150)
12460 -> 12606 (146)
12606 -> 12752 (146)
12752 -> 12898 (146)
12898 -> 13062 (164)
13062 -> 13195 (133)
13195 -> 13328 (133)
13328 -> 13489 (161)
13489 -> 13630 (141)
13630 -> 13771 (141)
13771 -> 13914 (143)
13914 -> 14080 (166)
14080 -> 14213 (133)
14213 -> 14357 (144)
14357 -> 14501 (144)
14501 -> 14645 (144)
14645 -> 14789 (144)
14789 -> 14933 (144)
14933 -> 15077 (144)
15077 -> 15253 (176)
15253 -> 15412 (159)
15412 -> 15577 (165)
15577 -> 15742 (165)
15742 -> 15916 (174)
15916 -> 16075 (159)
16075 -> 16236 (161)
16236 -> 16397 (161)
16397 -> 16558 (161)
16558 -> 16722 (164)
16722 -> 16886 (164)
16886 -> 17050 (164)
17050 -> 17214 (164)
17214 -> 17344 (130)
17344 -> 17482 (138)
17482 -> 17620 (138)
17620 -> 17758 (138)
17758 -> 17876 (118)
17876 -> 18043 (167)
18043 -> 18262 (219)
18262 -> 18425 (163)
18425 -> 18599 (174)
18599 -> 18773 (174)
18773 -> 18854 (81)
18854 -> 18935 (81)
18935 -> 19016 (81)
19016 -> 19097 (81)
19097 -> 19277 (180)
19277 -> 19447 (170)
19447 -> 19621 (174)
19621 -> 19795 (174)
19795 -> 19979 (184)
19979 -> 20147 (168)
20147 -> 20220 (73)
20220 -> 20293 (73)
20293 -> 20366 (73)
20366 -> 20439 (73)
20439 -> 20505 (66)
20505 -> 20677 (172)
20677 -> 20737 (60)
20737 -> 20806 (69)
20806 -> 20876 (70)
20876 -> 20946 (70)
20946 -> 21121 (175)
21121 -> 21286 (165)
21286 -> 21382 (96)
21382 -> 21478 (96)
21478 -> 21574 (96)
21574 -> 21663 (89)
21663 -> 21754 (91)
21754 -> 21953 (199)
21953 -> 22064 (111)
22064 -> 22170 (106)
22170 -> 22276 (106)
22276 -> 22382 (106)
22382 -> 22488 (106)
22488 -> 22646 (158)
22646 -> 22781 (135)
22781 -> 22916 (135)
22916 -> 23060 (144)
23060 -> 23204 (144)
23204 -> 23348 (144)
23348 -> 23499 (151)
23499 -> 23650 (151)
23650 -> 23801 (151)
23801 -> 23941 (140)
23941 -> 24081 (140)
24081 -> 24113 (32)
24113 -> 24248 (135)
24248 -> 24383 (135)
24383 -> 24518 (135)
24518 -> 24653 (135)
24653 -> 24788 (135)
24788 -> 24929 (141)
24929 -> 24963 (34)
24963 -> 25088 (125)
25088 -> 25213 (125)
25213 -> 25338 (125)
25338 -> 25463 (125)
25463 -> 25588 (125)
25588 -> 25713 (125)
25713 -> 25838 (125)
25838 -> 25963 (125)
25963 -> 26088 (125)
26088 -> 26213 (125)
26213 -> 26332 (119)
26332 -> 26451 (119)
26451 -> 26570 (119)
26570 -> 26684 (114)
26684 -> 26798 (114)
26798 -> 26912 (114)
26912 -> 27032 (120)
27032 -> 27152 (120)
27152 -> 27276 (124)
27276 -> 27410 (134)
27410 -> 27551 (141)
27551 -> 27692 (141)
27692 -> 27833 (141)
27833 -> 27980 (147)
27980 -> 28122 (142)
28122 -> 28264 (142)
28264 -> 28406 (142)
28406 -> 28537 (131)
28537 -> 28668 (131)
28668 -> 28799 (131)
28799 -> 28934 (135)
28934 -> 29065 (131)
29065 -> 29196 (131)
29196 -> 29327 (131)
29327 -> 29389 (62)
29389 -> 29522 (133)
29522 -> 29655 (133)
29655 -> 29794 (139)
29794 -> 29933 (139)
29933 -> 30076 (143)
30076 -> 30219 (143)
30219 -> 30359 (140)
30359 -> 30502 (143)
30502 -> 30645 (143)
30645 -> 30791 (146)
30791 -> 30889 (98)
30889 -> 31036 (147)
31036 -> 31183 (147)
31183 -> 31330 (147)
31330 -> 31493 (163)
31493 -> 31656 (163)
31656 -> 31819 (163)
31819 -> 31985 (166)
31985 -> 32145 (160)
32145 -> 32305 (160)
32305 -> 32380 (75)
32380 -> 32560 (180)
32560 -> 32744 (184)
32744 -> 32928 (184)
32928 -> 33112 (184)
33112 -> 33302 (190)
33302 -> 33367 (65)
33367 -> 33432 (65)
33432 -> 33501 (69)
33501 -> 33570 (69)
33570 -> 33639 (69)
33639 -> 33708 (69)
33708 -> 33788 (80)
33788 -> 33863 (75)
33863 -> 33938 (75)
33938 -> 34013 (75)
34013 -> 34092 (79)
34092 -> 34171 (79)
34171 -> 34250 (79)
34250 -> 34329 (79)
34329 -> 34421 (92)
34421 -> 34554 (133)
34554 -> 34664 (110)
34664 -> 34774 (110)
34774 -> 34884 (110)
34884 -> 35029 (145)
35029 -> 35156 (127)
35156 -> 35283 (127)
35283 -> 35414 (131)
35414 -> 35548 (134)
35548 -> 35682 (134)
35682 -> 35830 (148)
35830 -> 35996 (166)
35996 -> 36117 (121)
36117 -> 36255 (138)
36255 -> 36388 (133)
36388 -> 36515 (127)
36515 -> 36640 (125)
36640 -> 36772 (132)
36772 -> 36910 (138)
36910 -> 37050 (140)
37050 -> 37190 (140)
37190 -> 37294 (104)
37294 -> 37415 (121)
37415 -> 37536 (121)
37536 -> 37657 (121)
37657 -> 37772 (115)
37772 -> 37892 (120)
37892 -> 38026 (134)
38026 -> 38160 (134)
38160 -> 38266 (106)
38266 -> 38393 (127)
38393 -> 38543 (150)
38543 -> 38679 (136)
38679 -> 38815 (136)
38815 -> 38958 (143)
38958 -> 39105 (147)
39105 -> 39252 (147)
39252 -> 39378 (126)
39378 -> 39544 (166)
39544 -> 39716 (172)
39716 -> 39897 (181)
39897 -> 40078 (181)
40078 -> 40259 (181)
40259 -> 40409 (150)
40409 -> 40597 (188)
40597 -> 40778 (181)
40778 -> 40962 (184)
40962 -> 41066 (104)
41066 -> 41252 (186)
41252 -> 41438 (186)
41438 -> 41624 (186)
41624 -> 41816 (192)
41816 -> 41979 (163)
41979 -> 42180 (201)
42180 -> 42381 (201)
42381 -> 42439 (58)
42439 -> 42497 (58)
42497 -> 42540 (43)
42540 -> 42583 (43)
42583 -> 42696 (113)
42696 -> 42726 (30)
42726 -> 42756 (30)
42756 -> 42786 (30)
42786 -> 42809 (23)
42809 -> 42912 (103)
42912 -> 42926 (14)
42926 -> 43118 (192)
...........................................................................................................................................................................................................................................................................................................................................#######........................................................................................................................
...........................................................................................................................................................................................................................................................................................................................................#.....#........................................................................................................................
...........................................................................................................................................................................................................................................................................................................................................#.....#........................................................................................................................
...........................................................................................................................................................................................................................................................................................................................................#.....#........................................................................................................................
...........................................................................................................................................................................................................................................................................................................................................#.....#......#####.............................................................................................................
...........................................................................................................................................................................................................................................................................................................................................#.....#......#...#.............................................................................................................
...........................................................................................................................................................................................................................................................................................................................................#.....#......#...#.............................................................................................................
...........................................................................................................................................................................................................................................................................................................................................#.....#......#...#.............................................................................................................
........................................................................................................................................................................................................................................................................................................................................####.....########...###########...................................................................................................
........................................................................................................................................................................................................................................................................................................................................#.............................#...................................................................................................
........................................................................................................................................................................................................................................................................................................................................#.............................#...................................................................................................
........................................................................................................................................................................................................................................................................................................................................#.............................#...................................................................................................
........................................................................................................................................................................................................................................................................................................................................#.....############............#...................................................................................................
........................................................................................................................................................................................................................................................................................................................................#.....#..........#............#...................................................................................................
........................................................................................................................................................................................................................................................................................................................................#.....#..........#............##########..........................................................................................
......................................................................................................................................................................................................................................................................................................................................###.....#..........#.....................#..........................................................................................
......................................................................................................................................................................................................................................................................................................................................#.......#..........#.....................#..........................................................................................
......................................................................................................................................................................................................................................................................................................................................#.......#..........#.....................#..........................................................................................
......................................................................................................................................................................................................................................................................................................................................#########..........###########...........#..........................................................................................
...................................................................................................................................................................................................................................................................................................................................................................#...........###########................................................................................
...................................................................................................................................................................................................................................................................................................................................................................#.....................#................................................................................
...................................................................................................................................................................................................................................................................................................................................................................#.....................#................................................................................
...................................................................................................................................................................................................................................................................................................................................................................#.....................#................................................................................
...................................................................................................................................................................................................................................................................................................................................................................#.....................#................................................................................
...................................................................................................................................................................................................................................................................................................................................................................#.....................#................................................................................
...................................................................................................................................................................................................................................................................................................................................................................#.....................#................................................................................
...................................................................................................................................................................................................................................................................................................................................................................#.....................#................................................................................
............................................................................................................................................................................................................................................................................................................................#####..................................#.....................#................................................................................
............................................................................................................................................................................................................................................................................................................................#...#..................................####..................#................................................................................
............................................................................................................................................................................................................................................................................................................................#...#.....................................#........###########................................................................................
............................................................................................................................................................................................................................................................................................................................#...#.....................................#........#..........................................................................................
............................................................................................................................................................................................................................................................................................................................#...#.....#########...............#########........#..........................................................................................
............................................................................................................................................................................................................................................................................................................................#...#.....#.......#...............#................#..........................................................................................
............................................................................................................................................................................................................................................................................................................................#...#.....#.......#...............#................#######....................................................................................
............................................................................................................................................................................................................................................................................................................................#...#.....#.......#...............#......................#....................................................................................
.......................................................................................................................................................................................................................................................................................................................######...#######.......#.............###......................#....................................................................................
.......................................................................................................................................................................................................................................................................................................................#......................#.............#........................#....................................................................................
.......................................................................................................................................................................................................................................................................................................................#......................#.............#........................#....................................................................................
.......................................................................................................................................................................................................................................................................................................................#......................#.............#........................#####................................................................................
.......................................................................................................................................................................................................................................................................................................................#......................#.............#............................#................................................................................
.......................................................................................................................................................................................................................................................................................................................#......................############..#............................#................................................................................
.......................................................................................................................................................................................................................................................................................................................##########........................#..#............................#................................................................................
................................................................................................................................................................................................................................................................................................................................#........................#..#............................#................................................................................
................................................................................................................................................................................................................................................................................................................................#........................#..#............................#................................................................................
................................................................................................................................................................................................................................................................................................................................#........................#..#............................#................................................................................
................................................................................................................................................................................................................................................................................................................................#######..................####............................#................................................................................
......................................................................................................................................................................................................................................................................................................................................#..................................................#................................................................................
......................................................................................................................................................................................................................................................................................................................................#..................................................######...........................................................................
......................................................................................................................................................................................................................................................................................................................................#.......................................................#...........................................................................
...................................................................................................................................................................................................................................................................................................................................####.......................................................#...........................................................................
...................................................................................................................................................................................................................................................................................................................................#..........................................................#######.....................................................................
...................................................................................................................................................................................................................................................................................................................................#................................................................#.....................................................................
...................................................................................................................................................................................................................................................................................................................................#................................................................#.....................................................................
...................................................................................................................................................................................................................................................................................................................................#................................................................#.....................................................................
...................................................................................................................................................................................................................................................................................................................................#................................................................####..................................................................
................................................................................................................................................................................................................................................................................................................................####...................................................................#..................................................................
................................................................................................................................................................................................................................................................................................................................#......................................................................#..................................................................
................................................................................................................................................................................................................................................................................................................................#......................................................................#..................................................................
................................................................................................................................................................................................................................................................................................................................#......................................................................#..................................................................
....................................................................................................................................................................................................................................................................................................................#############......................................................................#..................................................................
....................................................................................................................................................................................................................................................................................................................#..................................................................................#..................................................................
....................................................................................................................................................................................................................................................................................................................#..................................................................................#..................................................................
....................................................................................................................................................................................................................................................................................................................#..................................................................................#..................................................................
............................................................................................................................................................................................................................................................................................................#########..................................................................................#..................................................................
............................................................................................................................................................................................................................................................................................................#..........................................................................................#######............................................................
............................................................................................................................................................................................................................................................................................................#................................................................................................#............................................................
............................................................................................................................................................................................................................................................................................................#................................................................................................#####........................................................
.........................................................................................................................................................................................................................................................................................................####....................................................................................................#........................................................
.........................................................................................................................................................................................................................................................................................................#.......................................................................................................#........................................................
.....................................................................................................................................................................................................................................................................######..............................#.......................................................................................................#........................................................
.....................................................................................................................................................................................................................................................................#....#..............................#.......................................................................................................#........................................................
.....................................................................................................................................................................................................................................................................#....#######........................#.......................................................................................................#........................................................
.....................................................................................................................................................................................................................................................................#..........#........................#.......................................................................................................#........................................................
.....................................................................................................................................................................................................................................................................#..........#........................#.......................................................................................................#........................................................
.....................................................................................................................................................................................................................................................................#########..###......................#.......................................................................................................#........................................................
.............................................................................................................................................................................................................................................................................#....#......................#.......................................................................................................#........................................................
.............................................................................................................................................................................................................................................................................#....#......................#.......................................................................................................#........................................................
.............................................................................................................................................................................................................................................................................#....#......................#.......................................................................................................#........................................................
.............................................................................................................................................................................................................................................................................#....#......................#.......................................................................................................#........................................................
.............................................................................................................................................................................................................................................................................#....#.................######.......................................................................................................#........................................................
.............................................................................................................................................................................................................................................................................#....#.................#............................................................................................................#####....................................................
.............................................................................................................................................................................................................................................................................#....#.................#................................................................................................................#....................................................
.............................................................................................................................................................................................................................................................................#....#.................#................................................................................................................#....................................................
.....................................................................................................................................................................................................................................................................#########....#.................#................................................................................................................#....................................................
.....................................................................................................................................................................................................................................................................#............#.................#................................................................................................................#########............................................
.....................................................................................................................................................................................................................................................................#............#####.............#........................................................................................................................#............................................
.....................................................................................................................................................................................................................................................................#................#.............#........................................................................................................................#............................................
.....................................................................................................................................................................................................................................................................#................#.............#........................................................................................................................#............................................
.................................................................................................................................................................................................................................................................#####................########......#........................................................................................................................#............................................
.................................................................................................................................................................................................................................................................#...........................#......#........................................................................................................................#............................................
.................................................................................................................................................................................................................................................................#...........................#......#........................................................................................................................#............................................
.............................................................................................................................................................................................................................................................#####...........................########........................................................................................................................#............................................
.............................................................................................................................................................................................................................................................#...............................................................................................................................................................#######......................................
.............................................................................................................................................................................................................................................................#.....................................................................................................................................................................#......................................
.............................................................................................................................................................................................................................................................#.....................................................................................................................................................................#......................................
.............................................................................................................................................................................................................................................................#.....................................................................................................................................................................#########..............................
.............................................................................................................................................................................................................................................................#.............................................................................................................................................................................#..............................
.....................................................................................................................................................................................................................................................#########.............................................................................................................................................................................#..............................
.....................................................................................................................................................................................................................................................#.....................................................................................................................................................................................#..............................
.....................................................................................................................................................................................................................................................#.....................................................................................................................................................................................#..............................
.....................................................................................................................................................................................................................................................##########............................................................................................................................................................................#..............................
..............................................................................................................................................................................................................................................................#............................................................................................................................................................................#..............................
..............................................................................................................................................................................................................................................................#....................#######.................................................................................................................................................######.........................
..............................................................................................................................................................................................................................................................##########...........#.....#......................................................................................................................................................#.........................
.......................................................................................................................................................................................................................................................................#...........#.....#......................................................................................................................................................#.........................
.......................................................................................................................................................................................................................................................................#...........#.....#......................................................................................................................................................#.........................
.......................................................................................................................................................................................................................................................................#...........#.....########...............................................................................................................................................#.........................
.......................................................................................................................................................................................................................................................................#...........#............#...............................................................................................................................................####......................
.......................................................................................................................................................................................................................................................................#...........#............#..................................................................................................................................................#......................
.......................................................................................................................................................................................................................................................................#........####............#..................................................................................................................................................#......................
.......................................................................................................................................................................................................................................................................#........#...............#..................................................................................................................................................#......................
.......................................................................................................................................................................................................................................................................#........#...............#..................................................................................................................................................#......................
.......................................................................................................................................................................................................................................................................#........#...............#..................................................................................................................................................#......................
.......................................................................................................................................................................................................................................................................#........#...............#..................................................................................................................................................#########..............
.......................................................................................................................................................................................................................................................................##########...............#####......................................................................................................................................................#..............
....................................................................................................................................................................................................................................................................................................#......................................................................................................................................................#..............
....................................................................................................................................................................................................................................................................................................#......................................................................................................................................................#..............
....................................................................................................................................................................................................................................................................................................#......................................................................................................................................................#..............
....................................................................................................................................................................................................................................................................................................#......................................................................................................................................................#..............
....................................................................................................................................................................................................................................................................................................#......................................................................................................................................................#..............
....................................................................................................................................................................................................................................................................................................#......................................................................................................................................................#..............
....................................................................................................................................................................................................................................................................................................#.................................................................................................................................................######..............
....................................................................................................................................................................................................................................................................................................#.................................................................................................................................................#...................
....................................................................................................................................................................................................................................................................................................#.................................................................................................................................................#...................
....................................................................................................................................................................................................................................................................................................#.................................................................................................................................................#...................
....................................................................................................................................................................................................................................................................................................#.................................................................................................................................................#...................
.................................................................................................................................................................................................................................................................................................####.................................................................................................................................................#...................
.................................................................................................................................................................................................................................................................................................#................................................................................................................................................#####...................
.................................................................................................................................................................................................................................................................................................#................................................................................................................................................#.......................
.................................................................................................................................................................................................................................................................................................#................................................................................................................................................#.......................
.................................................................................................................................................................................................................................................................................................#................................................................................................................................................#.......................
.................................................................................................................................................................................................................................................................................................#............................................................................................................................###############.....#.......................
.................................................................................................................................................................................................................................................................................................#............................................................................................................................#.............#.....#.......................
.................................................................................................................................................................................................................................................................................................#............................................................................................................................#.............#.....#.......................
.................................................................................................................................................................................................................................................................................................#............................................................................................................................#...########..#.....#.......................
.................................................................................................................................................................................................................................................................................................#............................................................................................................................#...#......#..#.....#.......................
.................................................................................................................................................................................................................................................................................................#............................................................................................................................#...#......#..#.....#.......................
...............................................................................................................................................................................................................................................................................................###............................................................................................................................#...#......#..#.....#.......................
...............................................................................................................................................................................................................................................................................................#...........................................................................................................................####...#......#..#######.......................
...............................................................................................................................................................................................................................................................................................#...........................................................................................................................#......#......#................................
....................................................................................................................................................................................................................................................................................############...........................................................................................................................#......#......#................................
....................................................................................................................................................................................................................................................................................#......................................................................................................................................#......#......#................................
....................................................................................................................................................................................................................................................................................#......................................................................................................................................#......#......#................................
....................................................................................................................................................................................................................................................................................#......................................................................................................................................#......#......#................................
....................................................................................................................................................................................................................................................................................#......................................................................................................................................#......#......#................................
....................................................................................................................................................................................................................................................................................#......................................................................................................................................#......#......#................................
....................................................................................................................................................................................................................................................................................#......................................................................................................................................########......##########.......................
....................................................................................................................................................................................................................................................................................#.............................................................................................................................................................#.......................
..............................................................................................................................................................................................................................................................................#######.............................................................................................................................................................#.......................
..............................................................................................................................................................................................................................................................................#...................................................................................................................................................................#.......................
.....................................................................................................................................................................................................................................................................##########...................................................................................................................................................................#.......................
.....................................................................................................................................................................................................................................................................#.......................................................................................................................########......................................########.......................
.....................................................................................................................................................................................................................................................................#.......................................................................................................................#......#......................................#..............................
.....................................................................................................................................................................................................................................................................#.......................................................................................................................#......#......................................#..............................
.....................................................................................................................................................................................................................................................................#.......................................................................................................................#......#......................................#..............................
..................................................................................................................................................................................................................................................................####.......................................................................................................................#......#......................................#..............................
..................................................................................................................................................................................................................................................................#..........................................................................................................................#......#......................................#..............................
..................................................................................................................................................................................................................................................................#..........................................................................................................................#......#......................................#..............................
..................................................................................................................................................................................................................................................................#..................................................................................................................#########......###############............#############..............................
..................................................................................................................................................................................................................................................................#..................................................................................................................#............................#............#..........................................
..........................................................................................................................................................................................................................................................#########..................................................................................................................#............................#............#..........................................
..........................................................................................................................................................................................................................................................#..........................................................................................................................#............................#............#..........................................
..........................................................................................................................................................................................................................................................#..........................................................................................................................#............................#............#..........................................
..............................................................................................................................................................................................................########...........................##########..........................................................................................................................#############................#............#..........................................
............................................................................................................................................................................######...########.................#......#...........................#...............................................................................................................................................#................#............#..........................................
............................................................................................................................................................................#....#...#......#.................#......###########.................#...............................................................................................................................................#................##############..........................................
............................................................................................................................................................................#....#...#......#.................#................#.................#...............................................................................................................................................#........................................................................
............................................................................................................................................................................#....#...#......#.................#................#..............####...............................................................................................................................................#########................................................................
.......................................................................................................................................................................######....#...#......####..........#####................#..............#..........................................................................................................................................................#................................................................
.......................................................................................................................................................................#.........#...#.........#..........#....................#..............#..........................................................................................................................................................#................................................................
.......................................................................................................................................................................#.........#####.........#..........#....................#..............#..........................................................................................................................................................#................................................................
.......................................................................................................................................................................#.......................#..........#....................#..............#..........................................................................................................................................................#................................................................
.......................................................................................................................................................................#.......................#..........#....................#..............#..........................................................................................................................................................#................................................................
.......................................................................................................................................................................#.......................#..........###############......#######........#..........................................................................................................................................................#................................................................
..................................................................................................................................................................######.......................#........................#............#........#..........................................................................................................................................................#................................................................
..................................................................................................................................................................#............................#........................#............#....#####..........................................................................................................................................................#................................................................
..................................................................................................................................................................#............................#........................#............#....#..............................................................................................................................................................#................................................................
..................................................................................................................................................................#............................#..........###############............#....#..............................................................................................................................................................#................................................................
..................................................................................................................................................................######.......................#..........#..........................#....#...########...................................................................................................................................................#######..........................................................
.......................................................................................................................................................................#.......................#..........#..........................#....#...#......#.........................................................................................................................................................#..........................................................
.......................................................................................................................................................................#.......................#..........#..........................#....#...#......#.........................................................................................................................................................#..........................................................
.......................................................................................................................................................................#.......................########...#..........................#....#...#......#.........................................................................................................................................................#..........................................................
.......................................................................................................................................................................#..............................#...#..........................#....#...#......#.........................................................................................................................................................########...................................................
................................................................................................................................................................########..............................#####..........................#....#...#......#................................................................................................................................................................#...................................................
................................................................................................................................................................#....................................................................######...#......#................................................................................................................................................................#...................................................
....................................................................................................................................................##########..#.............................................................................#......#................................................................................................................................................................#...................................................
....................................................................................................................................................#........#..#.............................................................................#......##########.......................................................................................................................................................#######.............................................
....................................................................................................................................................#........#..#......................................................................########...............#.............................................................................................................................................................#.............................................
.....................................########.......................................................................................................#........#..#......................................................................#......................#.............................................................................................................................................................#.............................................
.....................................#......#..............................................................................................##########........####......................................................................#......................#######.......#######.........................................................................................................................................#.............................................
.....................................#......#..............................................................................................#...........................................................................#######.........#............................#.......#.....#.........................................................................................................................................#.............................................
.....................................#......#..............................................................................................#...........................................................................#.....#...#######............................#.......#.....#.........................................................................................................................................#.............................................
.....................................#......#..............................................................................................#...........................................................................#.....#...#..................................#.......#.....#.........................................................................................................................................#.............................................
.....................................#......#..............................................................................................#...........................................................................#.....#...#..................................#.......#.....#.........................................................................................................................................########......................................
.....................................#......#..............................................................................................#...........................................................................#.....#...#..................................#.......#.....#................................................................................................................................................#......................................
............#######...............####......#..............................................................................................#.........................................................................###.....#...#..................................#.......#.....#................................................................................................................................................#......................................
............#.....#...............#.........#..............................................................................................#.........................................................................#.......#...#..................................#########.....##############...................................................................................................................................#......................................
............#.....#...............#.........#...........................................................................................####.........................................................................#.......#...#.............................................................#...................................................................................................................................######.................................
............#.....#...............#.........#...........................................................................................#............................................................................#.......#...#.............................................................#........................................................................................................................................#.................................
............#.....#...............#.........#........................................................................................####............................................................................#.......#...#.............................................................#........................................................................................................................................#.................................
............#.....#...............#.........#........................................................................................#...............................................................................#.......#...#.............................................................#........................................................................................................................................#.................................
............#.....#########...#####.........######...................................................................................#...............................................................................#.......#...#.............................................................#........................................................................................................................................#.................................
............#.............#...#..................#...........................................................................#########......................................................................##########.......#####.............................................................####.....................................................................................................................................#.................................
............#.............#...#..................#...........................................................................#..............................................................................#.....................................................................................#.....................................................................................................................................#.................................
............#.............#...#..................#...........................................................................#..............................................................................#.....................................................................................#.....................................................................................................................................#.................................
.......######.............#####..................#...........................................................................#.....................................................................##########.....................................................................................#.....................................................................................................................................##########........................
.......#.........................................#...........................................................................#.....................................................................#..............................................................................................#..............................................................................................................................................#........................
.......#......................................####...........................................................................#.....................................................................#..............................................................................................#..............................................................................................................................................#........................
.......#......................................#..............................................................................#.....................................................................#..............................................................................................#..............................................................................................................................................########.................
.......#......................................#..............................................................................#.....................................................................#..............................................................................................#.....................................................................................................................................................#.................
########......................................#..........................................................................#####.....................................................................#..............................................................................................############..........................................................................................................................................#.................
#.............................................#..........................................................................#.........................................................................#.........................................................................................................#..........................................................................................................................................#.................
#...................................###########..........................................................................#.........................................................................#.........................................................................................................#..........................................................................................................................................#.................
#...................................#....................................................................................#.........................................................................#.........................................................................................................#......#######.............................................................................................................................#.................
#...................................#....................................................................................#.........................................................................#.........................................................................................................#......#.....#.............................................................................................................................#.................
#...................................#....................................................................................#.................................................................#########.........................................................................................................#......#.....#.............................................................................................................................#.................
#...................................#..................######.......................................................######.................................................................#.................................................................................................................#......#.....#.............................................................................................................................#.................
#................................####..................#....#.......................................................#......................................................................#.................................................................................................................#......#.....#.............................................................................................................................#.................
#................................#...................###....#.......................................................#......................................................................#.................................................................................................................#......#.....#.............................................................................................................................#.................
#................................#...................#......#.................................................#######......................................................................#.................................................................................................................#......#.....#.............................................................................................................................#######...........
#................................#...................#......#.................................................#............................................................................#.................................................................................................................########.....#########...........................................................................................................................#...........
####...................########..#...................#......#.................................................#............................................................................#......................................................................................................................................#...........................................................................................................................#...........
...#...................#......#..#...................#......#.................................................#............................................................................#......................................................................................................................................#...........................................................................................................................#...........
...#...................#......#..#########...........#......#.................................................#............................................................................#......................................................................................................................................#...........................................................................................................................#...........
...#...................#......#..........#...........#......#.................................................#............................................................................#......................................................................................................................................#...........................................................................................................................#...........
...#...................#......#..........#...........#......######............................................#............................................................................#......................................................................................................................................#...........................................................................................................................#...........
...#...................#......#..........#...........#...........#............................................#........................................................................#####......................................................................................................................................#...........................................................................................................................#...........
...####..........#######......#..........#########...#...........#............................................#........................................................................#..........................................................................................................................................#...........................................................................................................................#...........
......#..........#............#..................#...#.....#######.....................................########........................................................................#..........................................................................................................................................#...........................................................................................................................#...........
......#..........#............#..................#...#.....#...........................................#...............................................................................#..........................................................................................................................................#...........................................................................................................................#...........
......#..........#............#..................#...#.....#...........................................#...............................................................................#..........................................................................................................................................#######.....................................................................................................................#...........
......#.....######............#..................#...#.....#...........................................#.........................................................................#######................................................................................................................................................#.....................................................................................................................#...........
......#.....#.........#########..................#####.....#####..................#######..............#.........................................................................#......................................................................................................................................................#.....................................................................................................................#...........
......#.....#.........#........................................#..................#.....#..............#.........................................................................#......................................................................................................................................................#................................................................................................................######...........
......#.....#.........#........................................#..................#.....#..............#.........................................................................#......................................................................................................................................................#................................................................................................................#................
......#.....#.........#........................................#..................#.....#..............#..................................................................########......................................................................................................................................................#................................................................................................................#................
......#.....#.........#........................................#..................#.....#..............#..................................................................#.............................................................................................................................................................#................................................................................................................#................
......#.....#.........#######...######.....................#####..................#.....#..............#..................................................................#.............................................................................................................................................................#................................................................................................................#######..........
......#.....#...............#...#....#.....................#......................#.....#..............#..................................................................#.............................................................................................................................................................#......................................................................................................................#..........
......#.....#...............#...#....#.....................#......................#.....#..............#..................................................................#.........................................................................................................................................................#####......................................................................................................................#..........
......#######...............#...#....##########............#......................#.....#..............#..................................................................#.........................................................................................................................................................#..........................................................................................................................###########
............................#...#.............#............#......................#.....#.........######..................................................................#..................................................................................................................................................########....................................................................................................................................#
............................#...#.............#............#......................#.....#.........#.......................................................................#..................................................................................................................................................#...........................................................................................................................................#
............................#...#.............#............#######................#.....#...#######............................................................############..................................................................................................................................................#...........................................................................................................................................#
............................#...#.............#..................#................#.....#...#..................................................................#.......................................................................................................................................................#######......................................................................................................................................######
............................#...#.............#..................#................#.....#...#..................................................................#.......................................................................................................................................................#............................................................................................................................................#.....
............................#...#.............#..................#..........#######.....#####..................................................................#.......................................................................................................................................................#............................................................................................................................................#.....
............................#...#.............#..................#..........#..................................................................................#.......................................................................................................................................................#.................................................................................................................................############.....
............................#...#.............########...........#..........#..................................................................................#.......................................................................................................................................................#.................................................................................................................................#................
............................#####....................#...........#..........#..................................................................................#.......................................................................................................................................................#.................................................................................................................................#................
.....................................................#...........#..........#..................................................................................######.....#####........................................................................................................................................#.................................................................................................................................#................
.....................................................#......######....#######.......................................................................................#.....#...#....................................................................................................................................#####.............................................................................................................................#####................
.....................................................#......#.........#.............................................................................................#.....#...#....................................................................................................................................#.................................................................................................................................#....................
.....................................................#......#.........#.............................................................................................#.....#...###..................................................................................................................................#.................................................................................................................................#....................
.....................................................#......#.........#.............................................................................................#.....#.....#..................................................................................................................................#.................................................................................................................................#....................
..................................................####......###########.............................................................................................#######.....#................................................................................................########..........................#...........................................................................................................................#######....................
..................................................#.............................................................................................................................#................................................................................................#......#..........................#...........................................................................................................................#..........................
..................................................#.............................................................................................................................#................................................................................................#......#..........................#...........................................................................................................................#..........................
..................................................#.............................................................................................................................#................................................................................................#......#....................#######...........................................................................................................................#..........................
.....................................##############.............................................................................................................................#................................................................................................#......#....................#.................................................................................................................................#..........................
.....................................#..........................................................................................................................................#................................................................................................#......#####................#.................................................................................................................................#..........................
.....................................#..........................................................................................................................................#................................................................................................#..........#................#..............................................................................................................................####..........................
.....................................#..........................................................................................................................................#########........................................................................................#..........#................#..............................................................................................................................#.............................
.....................................#..................................................................................................................................................#.....................................................................................####..........#................#..............................................................................................................................#.............................
.....................................#..................................................................................................................................................#.....................................................................................#.............#................#..............................................................................................................................#.............................
.....................................#.................................................................................................................................#############....#.....................................................................................#.............#.............####..............................................................................................................................#.............................
.....................................########..........................................................................................................................#...........#....#.....................................#####...........................................#.........#####.............#.................................................................................................................................#.............................
............................................#..........................................................................................................................#...........#....#.....................................#...#...........................................#.........#.................#.................................................................................................................................#.............................
............................................#..........................................................................................................................#...........#....#.....................................#...#...........................................#.........#.................#.................................................................................................................................#.............................
............................................#..........................................................................................................................#...........#....#.....................................#...#...........................................#.........#.................#.................................................................................................................................#.............................
............................................#..........................................................................................................................#...........#....#.....................................#...#....................................########.........#........##########.................................................................................................................................#.............................
............................................#..........................................................................................................................#...........#....#.....................................#...#....................................#................#........#..........................................................................................................................................#.............................
............................................#..........................................................................................................................#...........#....#.....................................#...#....................................#................#........#..........................................................................................................................................#.............................
............................................#...................................................................................................############...........#...........#....#..................................####...#....................................#................#........#....................................................................................................................................#######.............................
............................................#...................................................................................................#..........#...#########...........######..................................#......#....................................#................#........#....................................................................................................................................#...................................
............................................##########..........................................................................................#..........#...#...........................................................#......#....................................#................#........#....................................................................................................................................#...................................
.....................................................#..........................................................................................#..........#...#...........................................................#......#................................#####................##########....................................................................................................................................#...................................
.....................................................#..........................................................................................#..........#...#...................................................#########......#................................#..................................................................................................................................................................#...................................
.....................................................#........####..........................................................................#####..........#####...................................................#..............#####............................#..................................................................................................................................................................#...................................
.....................................................####.....#..#.......................########...........................................#......................................................................#..................#............................#..................................................................................................................................................................#...................................
........................................................#.....#..#.......................#......#...........................................#......................................................................#..................#............................#...........................................................................................................................................................########...................................
........................................................#.....#..#.......................#......#...........................................#############...................................................########..................#########....................#...........................................................................................................................................................#..........................................
........................................................#######..#######.............#####......#.......................................................#...................................................#.................................#....................#...........................................................................................................................................................#..........................................
.......................................................................#.............#..........#.......................................................#...................................................#.................................#....................#...........................................................................................................................................................#..........................................
.......................................................................#.............#..........########................................................#...............................................#####.................................#....................#.......................................................................................................................................................#####..........................................
.......................................................................#######.......#.................#............................###########.........#...............................................#.....................................#....................#.......................................................................................................................................................#..............................................
.............................................................................#.......#.................#............................#.........#.........#######.........................................#.....................................#....................#.......................................................................................................................................................#..............................................
.............................................................................#.......#.................#............................#.........#...............#.........................................#.....................................#....................#.......................................................................................................................................................#..............................................
.............................................................................#.......#.................#............................#.........######..........#.........................................#..........................############...............######.......................................................................................................................................................#..............................................
.............................................................................#########.................#####........................#..............#..........#.........................................#..........................#..........................#............................................................................................................................................................#..............................................
...........................................................................................................#........................#..............#..........#.........................................#..........................#..........................#............................................................................................................................................................#..............................................
...........................................................................................................#.................########..............#..........#...................................#######..........................#..........................#............................................................................................................................................................#..............................................
...........................................................................................................#.................#.....................#..........#####...............................#................................#..........................#####........................................................................................................................................................#..............................................
...........................................................................................................#.................#.....................#..............#...............................#................................#..............................#........................................................................................................................................................#..............................................
...........................................................................................................#....##############.....................#..............#...............................#................................#..............................#........................................................................................................................................................#..............................................
...........................................................................................................#....#..................................#..............###########.....................#................................#..............................#........................................................................................................................................................#..............................................
...........................................................................................................#....#..................................#........................#.....................#................................#..............................##############...........................................................................................................................................#..............................................
...........................................................................................................#....#..................................#........................#.....................#................................#...........................................#....................................................#########.........................................................................######..............................................
...........................................................................................................#....#..................................#........................#.....................#............................#####...........................................#....................................................#.......#.........................................................................#...................................................
...........................................................................................................#....#..................................#........................#.....................#............................#...............................................#....................................................#.......#.........................................................................#...................................................
...........................................................................................................#....#..................................#........................#######............####............................#...............................................#....................................................#.......#.........................................................................#...................................................
...........................................................................................................######..................................########.......................#............#...............................#...............................................#####..............####..................#########...#.......#.........................................................................#...................................................
..........................................................................................................................................................#.......................#............#...............................#...................................................#..............#..#..................#.......#...#.......#.........................................................................#...................................................
..........................................................................................................................................................#.......................#............#...............................#...................................................#..............#..#..................#.......#...#.......#.........................................................................#...................................................
..........................................................................................................................................................#.......................#............#...............................#...................................................#..........#####..#..................#.......#...#.......#.........................................................................#...................................................
..........................................................................................................................................................#.......................#............#...............................#...................................................####.......#......#..................#.......#...#.......#.........................................................................#...................................................
..........................................................................................................................................................#.......................##############...............................#......................................................#.......#......#..................#.......#...#.......#.........................................................................#...................................................
..........................................................................................................................................................#....................................................................#......................................................#.......#......######....##########.......#...#.......#.........................................................................#...................................................
..........................................................................................................................................................############.........................................................#......................................................#.......#...........#....#................#####.......####......................................................................#...................................................
.....................................................................................................................................................................#.........................................................#########...............##########.....................#.......#...........#....#...............................#......................................................................#...................................................
.....................................................................................................................................................................#######...........................................................#...............#........#.....................#.......#...........#....#...............................#......................................................................######..............................................
...........................................................................................................................................................................#...........................................................#...............#........#######...............#.......#...........#....#...............................#...........................................................................#..............................................
...........................................................................................................................................................................#...........................................................#...............#..............#...............#.......#...........#....#...............................#...........................................................................#..............................................
...........................................................................................................................................................................#...........................................................########........#..............#...............#########...........#....#...............................######......................................................................#..............................................
...........................................................................................................................................................................#..................................................................#........#..............#...................................#....#....................................#......................................................................#..............................................
...........................................................................................................................................................................#..................................................................#........#........#######...................................#....#....................................#......................................................................#..............................................
...........................................................................................................................................................................#..................................................................#........#........#.........................................###..#....................................#......................................................................#..............................................
...........................................................................................................................................................................#..................................................................#........#........#...........................................#..#....................................#......................................................................#..............................................
...........................................................................................................................................................................#..................................................................##########........#...........................................#..##########...........................#......................................................................#..............................................
...........................................................................................................................................................................#####................................................................................#...........................................#...........#...........................#......................................................................#..............................................
...............................................................................................................................................................................#................................................................................#...........................................#...........#...........................#......................................................................#..............................................
...............................................................................................................................................................................#................................................................................#######.....................................#...........#...........................#......................................................................#..............................................
...............................................................................................................................................................................#......................................................................................#.....................................#...........#...........................#......................................................................#..............................................
...............................................................................................................................................................................#......................................................................................#.....................................#...........#...........................#.................................................................######..............................................
...............................................................................................................................................................................##########.............................................................................#.....................................##########..#...........................######............................................................#...................................................
........................................................................................................................................................................................#.............................................................................#..............................................#..#................................#............................................................#...................................................
........................................................................................................................................................................................###....................................#######.........................########..............................................#..#................................#............................................................#...................................................
..........................................................................................................................................................................................#....................................#.....#.........................#.....................................................####................................#............................................................#...................................................
..........................................................................................................................................................................................#....................................#.....#.........................#...........................................................................###############............................................................#...................................................
..........................................................................................................................................................................................#....................................#.....#.........................#...........................................................................#..........................................................................#...................................................
..........................................................................................................................................................................................#....................................#.....#.........................#.......................................................................#####..........................................................................#...................................................
..........................................................................................................................................................................................#..............................#######.....######....................#.......................................................................#..............................................................................#...................................................
..........................................................................................................................................................................................#..............................#................#....................#.......................................................................#..........................................................................#####...................................................
..........................................................................................................................................................................................#..............................#................#....................#.......................................................................#..........................................................................#.......................................................
..........................................................................................................................................................................................#..............................#................#....................#.......................................................................#........................................############......................#.......................................................
..........................................................................................................................................................................................#..............................#................#....................#.......................................................................########.................................#..........#......................#.......................................................
..........................................................................................................................................................................................########.......................#######..........#..............#######..............................................................................#.................................#..........#......................#.......................................................
.................................................................................................................................................................................................#.............................#..........####...........#....................................................................................#.....................#############..........#......................#.......................................................
.................................................................................................................................................................................................#.............................#.............#...........#....................................................................................#.....................#......................#......................#.......................................................
.................................................................................................................................................................................................#.............................#.............#...........#....................................................................................#.....................#......................#......................#.......................................................
.................................................................................................................................................................................................#.............................#.............#......######....................................................................................#.....................#####......#########...#......................#.......................................................
.................................................................................................................................................................................................#.............................#.............#......#.........................................................................................############..............#......#.......#...###....................########................................................
.................................................................................................................................................................................................#.............................#.............#......#....................................................................................................#..............#......#.......#.....#...........................#................................................
.................................................................................................................................................................................................#..........................####.............#......#....................................................................................................#..............#......#.......#.....#...........................#................................................
.................................................................................................................................................................................................#..........................#................########....................................................................................................#####..........########.......#.....#...........................#................................................
.................................................................................................................................................................................................#..........................#................................................................................................................................#.........................#.....#...........................#................................................
.................................................................................................................................................................................................#######....................#................................................................................................................................#.........................#.....#...........................#................................................
.......................................................................................................................................................................................................#....................#................................................................................................................................#.........................#.....#...........................#................................................
.......................................................................................................................................................................................................#....................###########......................................................................................................................#.........................#.....#######.....................#................................................
.......................................................................................................................................................................................................#..............................#......................................................................................................................#......####.......#########...........#.....................#................................................
.......................................................................................................................................................................................................#..............................#......................................................................................................................#......#..#.......#...................#..............########................................................
.......................................................................................................................................................................................................#..............................#......................................................................................................................#......#..#.......#...................#..............#.......................................................
.......................................................................................................................................................................................................########.......................#......................................................................................................................#......#..#.......#...................#..............#.......................................................
..............................................................................................................................................................................................................#.............###########......................................................................................................................#......#..#.......#...................#.........######.......................................................
..............................................................................................................................................................................................................#.............#................................................................................................................................#......#..#.......#...................#.........#............................................................
..............................................................................................................................................................................................................#.............#................................................................................................................................#......#..#.......#...................#.........#............................................................
..............................................................................................................................................................................................................#.............#................................................................................................................................########..#.......#...................######....#............................................................
..............................................................................................................................................................................................................#.............#..........................................................................................................................................#.......#........................#....#............................................................
..............................................................................................................................................................................................................#.............#..........................................................................................................................................#.......#........................#....#............................................................
..............................................................................................................................................................................................................#......########..........................................................................................................................................#.......#........................#....#............................................................
..............................................................................................................................................................................................................#......#.................................................................................................................................................#.......#........................#....#............................................................
..............................................................................................................................................................................................................#......#.................................................................................................................................................#########........................#....#............................................................
..............................................................................................................................................................................................................#......#..................................................................................................................................................................................#....#............................................................
..............................................................................................................................................................................................................########..................................................................................................................................................................................######............................................................
43118
